iso3_o,2015,2016,2017,2018,2019,2020,2021,2022,2023,2024,2025
CHN,1.0,1.0,1.0,1.0,1.0,1.0,1.0,1.0,1.0,1.0,0.06818181818181818
HKG,1.0,1.0,1.0,1.0,1.0,1.0,1.0,1.0,1.0,1.0,1.0
IDN,1.0,1.0,1.0,1.0,1.0,1.0,1.0,1.0,1.0,1.0,1.0
JPN,1.0,1.0,1.0,1.0,1.0,1.0,1.0,1.0,1.0,1.0,1.0
KOR,1.0,1.0,1.0,1.0,1.0,1.0,1.0,1.0,1.0,1.0,1.0
MYS,1.0,1.0,1.0,1.0,1.0,1.0,1.0,1.0,1.0,1.0,1.0
PHL,1.0,1.0,1.0,1.0,1.0,1.0,1.0,1.0,1.0,1.0,1.0
SGP,1.0,1.0,1.0,1.0,1.0,1.0,1.0,1.0,1.0,1.0,1.0
THA,1.0,1.0,1.0,1.0,1.0,1.0,1.0,1.0,1.0,1.0,0.045454545454545456
VNM,1.0,1.0,1.0,1.0,1.0,1.0,1.0,1.0,1.0,0.022727272727272728,0.06818181818181818
