iso3_o,exports_2023_bn,exports_2024_bn,ratio_2024_2023,verdict
CHN,2874.972687605,3042.206948637,1.0581689912231182,ok
HKG,82.280981964,591.1138948736279,7.1840889688489025,SPLICE BREAK
IDN,279.094361976,245.95012133050102,0.8812436037373297,ok
JPN,685.401739092,615.042993781238,0.8973467073428043,ok
KOR,600.610815496,590.805253155,0.983674016371313,ok
MYS,355.361991516,301.765079922406,0.8491765780438542,ok
PHL,93.453465584,67.974372371,0.7273606382194752,ok
SGP,285.977054206,443.36386606853796,1.5503476924032036,SPLICE BREAK
THA,304.120743051,276.65353742322,0.9096832220248329,ok
VNM,404.894702739,136.5,0.33712468717574096,SPLICE BREAK
