exporter,within_dyad_sd,max_abs_d_tariff_US_pp,n_years_dtariff_gt_1pp,tariff_2017_US,tariff_2025_US,fintech_index,d_2017_2025_pp
CHN,0.010989146661937706,30.0,5,4.03,51.0,1.6636411657714374,46.97
HKG,0.012148674714354053,30.0,4,4.96,51.0,-1.6636411657714383,46.04
VNM,0.016037116366463097,20.0,3,5.16,23.6,-0.6821937806081758,18.44
IDN,0.012104218900143054,19.0,4,5.57,21.66,-0.12709665233972328,16.09
MYS,0.010115387769619455,19.0,3,4.72,22.11,0.682193780608176,17.39
PHL,0.009710203920430323,19.0,1,3.42,21.509999999999998,-1.0482715447073399,18.089999999999996
THA,0.010220000614082111,19.0,5,5.14,21.39,0.1270966523397236,16.25
JPN,0.014865452182807156,15.000000000000002,1,4.21,18.490000000000002,0.38972160162236275,14.280000000000001
KOR,0.009096290082336941,15.0,1,0.56,15.03,1.0482715447073399,14.469999999999999
SGP,0.01392798744198653,10.0,1,0.08,10.0,-0.38972160162236263,9.92
