sample,bin,coef,se,t,n
all 10,0-2%,0.0,0.0,,1468
all 10,2-5%,0.049498968900542464,0.03518913004876756,1.4066550901355996,965
all 10,5-10%,-0.08051949851488459,0.05101467131262207,-1.5783596452372401,688
all 10,10-25%,-0.16586978801194172,0.05896277292761981,-2.8131273306219233,703
all 10,>25%,-0.9710522321161482,0.29124570330808885,-3.3341341042512775,2
9 (no HKG),0-2%,0.0,0.0,,1408
9 (no HKG),2-5%,0.07692321300046066,0.03391218891317475,2.2683057468630787,814
9 (no HKG),5-10%,-0.04799870979715049,0.048524607683747695,-0.9891622434121535,588
9 (no HKG),10-25%,-0.1550018588476537,0.056270114081604684,-2.75460360046303,612
