year,actual,synthetic,gap
2015,0.006462995395363436,0.0018805046993271418,0.0045824906960362935
2016,-0.04241687248238435,-0.03701157936251123,-0.005405293119873117
2017,0.0359538770870067,0.03513107466318497,0.0008228024238217321
2018,0.11277225393873991,0.08545160107374188,0.027320652864998032
2019,-0.06952771556955284,0.12482015144615254,-0.1943478670157054
2020,-0.08805291826530848,0.06662534330147897,-0.15467826156678743
2021,0.08883897752865622,0.3012685445633001,-0.21242956703464388
2022,0.14717331155300784,0.4815414009925185,-0.3343680894395107
2023,-0.10563082118721567,0.4246920710580518,-0.5303228922452674
2024,0.07521449672478298,0.4743785068050175,-0.3991640100802345
