spec,term,coef,se,t
"OLS, no FE",ln_tariff,-3.5214964337467904,1.3068633626907866,-2.694617153009899
"OLS, no FE",ln_dist,-1.094730269919348,0.07228393052795823,-15.144863622156302
"OLS, no FE",ln_gdp_o,0.747075295236999,0.041449952595609095,18.023550051445383
"OLS, no FE",ln_gdp_d,1.0430957758456099,0.04458231778101643,23.397073722572806
"OLS, no FE",contig,0.7424891341293345,0.20574469167987178,3.6087887763569113
"OLS, no FE",comlang,-0.04153208975782295,0.27132118608950145,-0.15307352277356862
"PPML, no FE",ln_tariff,0.3519723607919421,0.9878230330921729,0.3563111498728334
"PPML, no FE",ln_dist,-0.6761346513805919,0.07198526591509688,-9.39268116586608
"PPML, no FE",ln_gdp_o,0.6535703419494153,0.03957743540603501,16.51371129140305
"PPML, no FE",ln_gdp_d,0.8189707194978092,0.05263651111361307,15.558985619888544
"PPML, no FE",contig,0.5111311057423473,0.20193945440306488,2.531110660139477
"PPML, no FE",comlang,0.6405247745001992,0.1576334673140118,4.063380609551967
"OLS, 3-way FE",ln_tariff,-0.6918309484040545,0.7595283869345522,-0.9108691133932153
"PPML, 3-way FE",ln_tariff,-2.6020105396012303,0.3762193962507307,-6.916205186473494
